<?xml version="1.0" encoding="UTF-8"?>
<beans xmlns="http://www.springframework.org/schema/beans"
	xmlns:xsi="http://www.w3.org/2001/XMLSchema-instance"
	xmlns:context="http://www.springframework.org/schema/context"
	xsi:schemaLocation="http://www.springframework.org/schema/beans http://www.springframework.org/schema/beans/spring-beans.xsd
		http://www.springframework.org/schema/context http://www.springframework.org/schema/context/spring-context-4.3.xsd">

<bean id="dto1" class="annotation.memberservice.MemberDTO" >
	<property name="id" value="spring"  />
	<property name="password" value="1111" />
	<property name="name" value="김길동" />
	<property name="phone" value="01012341234" />
	<property name="email" value="kim@kil.com" />
	<property name="regdate" value="2022-08-16" />
</bean>

<bean id="dto2" class="annotation.memberservice.MemberDTO">
	<property name="id" value="jsp"  />
	<property name="password" value="2222" />
	<property name="name" value="최길동" />
	<property name="phone" value="01012341234" />
	<property name="email" value="kim@kil.com" />
	<property name="regdate" value="2022-08-16" />
</bean>

<context:component-scan base-package="annotation.memberservice" />
</beans>







