<?xml version="1.0" encoding="UTF-8"?>
<beans xmlns="http://www.springframework.org/schema/beans"
	xmlns:xsi="http://www.w3.org/2001/XMLSchema-instance"
	xsi:schemaLocation="http://www.springframework.org/schema/beans http://www.springframework.org/schema/beans/spring-beans.xsd">

<!-- 
MemberDTO dto1 = new MemberDTO();
dto1.setId("spring");
 -->
 <!-- 
MemberDAO 
void setDto(MemberDTO dao){...}
 -->
 
<bean id="dao" class="member.MemberDAO"  >
	<property name="dto" ref="dto2" />
</bean>

<bean id="dto1" class="member.MemberDTO" scope="prototype">
	<property name="id" value="spring"  />
	<property name="password" value="1111" />
	<property name="name" value="김길동" />
	<property name="phone" value="01012341234" />
	<property name="email" value="kim@kil.com" />
	<property name="regdate" value="2022-08-16" />
</bean>

<bean id="dto2" class="member.MemberDTO">
	<property name="id" value="jsp"  />
	<property name="password" value="2222" />
	<property name="name" value="최길동" />
	<property name="phone" value="01012341234" />
	<property name="email" value="kim@kil.com" />
	<property name="regdate" value="2022-08-16" />
</bean>

<bean id="dto3" class="member.MemberDTO" >
	<constructor-arg name="id" value="servlet" />
	<constructor-arg name="password" value="2222" />
</bean>

</beans>







