<?xml version="1.0" encoding="UTF-8"?>
<!DOCTYPE mapper PUBLIC "-//mybatis.org//DTD Mapper 3.0//EN"
  "http://mybatis.org/dtd/mybatis-3-mapper.dtd">
<mapper namespace="member" >
	
	<select id="memberlist" resultType="mybatis.MemberDTO">
		select * from member  
	</select>

	<select id="membercount" resultType="int">
		select count(*) from member   
	</select>

<!-- member 테이블에서 id 'id_spring1' 1개 있다 
sessesion.selectOne("onemember" , "id_spring1");

member 테이블에서 id 'id_spring1' 1~n개 있다 
sessesion.selectList("onemember" , "id_spring1");
-->
<select id="onemember" resultType="mybatis.MemberDTO" parameterType="String" >
    select * from member where id=#{id}
</select>

<!--  int[] a = {0, 5} -->
<select id="paginglist" resultType="mybatis.MemberDTO"  >
	select * from member order by regdate limit 
	<foreach collection="array" item="num" separator=",">
	#{num}
	</foreach>
</select>





</mapper>

