<?xml version="1.0" encoding="UTF-8"?>
<!DOCTYPE configuration PUBLIC "-//mybatis.org//DTD Config 3.0//EN"
  "http://mybatis.org/dtd/mybatis-3-config.dtd">
  <!-- mybatis db 연결정보 세팅 파일 -->
<configuration>
<!-- mybatis.MemberDTO  : memberdto -->
<typeAliases>
	<typeAlias type="mybatis.MemberDTO" alias="memberdto"/>
</typeAliases>

<!-- db 연결 정보에 따라 생성 -->
	<environments default="mydb">
		<environment id="mydb">
			<transactionManager type="JDBC" />
			<dataSource type="POOLED">
				<property name="driver" value="com.mysql.cj.jdbc.Driver"/>
				<property name="url" value="jdbc:mysql://127.0.0.1:3306/memberdb"/>
				<property name="username" value="emp3"/>
				<property name="password" value="emp3"/>								
			</dataSource>
		</environment>
	</environments>

<!-- sql 정의 파일명 -->
	<mappers>
	<mapper  resource="mybatis/sql-mapping.xml" />
	</mappers>

</configuration>




