<?xml version="1.0" encoding="UTF-8"?>
<beans:beans xmlns="http://www.springframework.org/schema/mvc"
	xmlns:xsi="http://www.w3.org/2001/XMLSchema-instance"
	xmlns:beans="http://www.springframework.org/schema/beans"
	xmlns:context="http://www.springframework.org/schema/context"
	xsi:schemaLocation="http://www.springframework.org/schema/mvc https://www.springframework.org/schema/mvc/spring-mvc.xsd
		http://www.springframework.org/schema/beans https://www.springframework.org/schema/beans/spring-beans.xsd
		http://www.springframework.org/schema/context https://www.springframework.org/schema/context/spring-context.xsd">

	<!-- DispatcherServlet Context: defines this servlet's request-processing infrastructure -->
	
	<!-- Enables the Spring MVC @Controller programming model -->
	<annotation-driven />

	<!-- Handles HTTP GET requests for /resources/** by efficiently serving up static resources in the ${webappRoot}/resources directory -->
	<resources mapping="/resources/**" location="/resources/" />

	<!-- Resolves views selected for rendering by @Controllers to .jsp resources in the /WEB-INF/views directory -->
	<beans:bean class="org.springframework.web.servlet.view.InternalResourceViewResolver">
		<beans:property name="prefix" value="/WEB-INF/views/" />
		<beans:property name="suffix" value=".jsp" />
	</beans:bean>

	<!-- <context:component-scan base-package="a.b.test" /> -->
	<context:component-scan base-package="annotation.springmvc" />
	<context:component-scan base-package="jdbc" />
		
<!-- spring mvc HandlerMapping hello-HelloController()객체생성 -->
<!-- 
	<beans:bean id="hello"  class="springmvc.HelloController" />
	<beans:bean id="list"  class="springmvc.ListController" />
	<beans:bean id="form"  class="springmvc.LoginFormController" />
	<beans:bean id="result"  class="springmvc.LoginResultController" />
				
<beans:bean id="urlMapping"  
class="org.springframework.web.servlet.handler.SimpleUrlHandlerMapping" >
	<beans:property name="mappings">
		<beans:props>
			<beans:prop key="/hello">hello</beans:prop>
			<beans:prop key="/list">list</beans:prop>
			<beans:prop key="/loginform">form</beans:prop>
			<beans:prop key="/loginresult">result</beans:prop>
		</beans:props>
	</beans:property>
</beans:bean>
 -->	

</beans:beans>
